{
    "player": {
        "fire": 0,
        "hunger": 10,
        "thirst": 5,
        "health": 15,
        "rounds": 0
    },
    "inventory": {
        "wood": 0,
        "leaves": 0,
        "sticks": 0,
        "stone": 0,
        "fish": 0,
        "coco": 0,
        "spear": 0,
        "plank": 0,
        "rope": 0,
        "pole": 0,
        "sail": 0
    },
    "translation": {
        "wood": "Holz",
        "leaves": "Palmblätter",
        "sticks": "Stöcke",
        "stone": "Steine",
        "fish": "Fisch",
        "coco": "Kokosnüsse",
        "spear": "Speer",
        "plank": "Bretter",
        "rope": "Seile",
        "pole": "Mast",
        "sail": "Segel"
    }
}